{"schemaVersion":"1.0","appDefinitionTemplate":{"id":"/providers/Microsoft.PowerApps/apps/","type":"Microsoft.PowerApps/apps","tags":{"primaryDeviceWidth":"1366","primaryDeviceHeight":"768","sienaVersion":"20220131T143859Z-3.21124.16.0","deviceCapabilities":"webcam","supportsPortrait":"true","supportsLandscape":"true","primaryFormFactor":"Tablet","publisherVersion":"3.21124.16","minimumRequiredApiVersion":"2.2.0","hasComponent":"true","hasUnlockedComponent":"true","isUnifiedRootApp":"false"},"properties":{"appVersion":"2022-01-31T14:38:59Z","lifeCycleId":"Published","createdByClientVersion":{"major":3,"minor":21124,"build":16,"revision":0,"majorRevision":0,"minorRevision":0},"minClientVersion":{"major":3,"minor":21124,"build":16,"revision":0,"majorRevision":0,"minorRevision":0},"backgroundColor":"rgba(0, 0, 0, 1)","backgroundImageUri":"/3938836663424066513/N6424051e-8d8b-44b0-af8b-3f3f535f9b77-logoSmallFile","displayName":"LoginApp","description":"","commitMessage":"","appUris":{"documentUri":{"value":"/3938836663424066513/N3c326344-3ef0-4d42-a305-d08adb4c780c-document.msapp"},"imageUris":[]},"createdTime":"0001-01-01T00:00:00Z","lastModifiedTime":"0001-01-01T00:00:00Z","sharedGroupsCount":0,"sharedUsersCount":0,"icons":{"smallIconUri":"/3938836663424066513/N151f61ea-5264-4e2e-9e4c-df39c433deb4-small.png","mediumIconUri":"/3938836663424066513/N5aca2412-437a-4341-b87b-068eeb6f4aef-medium.png","largeIconUri":"/3938836663424066513/Nbbad7fd5-0dc3-475e-9eac-d6a006f38870-large.png","wideIconUri":"/3938836663424066513/N9db9028a-50fa-4ad5-9a22-9d1253838a8e-wide.png"},"connectionReferences":{"570f606d-ecdd-4097-abda-c7f7416bd2aa":{"id":"deb971a2-c0f0-4e8c-b0ed-a0d9a13ae695","displayName":"Office 365 Outlook","iconUri":"https://connectoricons-prod.azureedge.net/releases/v1.0.1538/1.0.1538.2621/office365/icon.png","dataSources":["Office365Outlook"],"dependencies":[],"dependents":[],"parameterHints":{},"parameterHintsV2":{},"isOnPremiseConnection":false,"bypassConsent":false,"dataSets":{},"apiTier":"Standard","isCustomApiConnection":false,"actions":["SendEmailV2"]},"67e9dcd5-fcfd-4cb4-880b-b63f50505f9e":{"id":"53f01b65-0d73-4b93-bd95-8153cc2ff317","displayName":"Office 365 Users","iconUri":"https://connectoricons-prod.azureedge.net/releases/v1.0.1528/1.0.1528.2589/office365users/icon.png","dataSources":["Office365Users"],"dependencies":[],"dependents":[],"parameterHints":{},"parameterHintsV2":{},"isOnPremiseConnection":false,"bypassConsent":false,"dataSets":{},"apiTier":"Standard","isCustomApiConnection":false,"actions":["SearchUser"]},"a26ff54e-314d-4902-9b9e-7ca678b4fe9c":{"id":"64aaf440-de40-4239-8095-95fab4c23e84","displayName":"SharePoint","iconUri":"https://connectoricons-prod.azureedge.net/releases/v1.0.1546/1.0.1546.2667/sharepointonline/icon.png","dataSources":["Login","KasikeUsers","MyLeaveBalance_2","UserLeaveApplied","KasikeAdmin"],"dependencies":[],"dependents":[],"parameterHints":{},"parameterHintsV2":{},"isOnPremiseConnection":false,"bypassConsent":false,"dataSets":{"https://sishpabusiness.sharepoint.com/sites/TheKasikeBrandBahamas":{"dataSources":{"Login":{"tableName":"6235e751-ad23-4420-a8fd-f861d441b18e"},"MyLeaveBalance_2":{"tableName":"4089c29a-909c-45c4-a051-a559c0e16693"},"UserLeaveApplied":{"tableName":"ab2c1e09-70a0-4bc8-99cb-6ae6d4e6651b"},"KasikeAdmin":{"tableName":"7028f10e-164f-402d-9561-a212eb8abee7"}}}},"apiTier":"Standard","isCustomApiConnection":false,"actions":["providers/PowerPlatform.Governance/Operations/Read","providers/PowerPlatform.Governance/Operations/Write"]},"a3346266-08c6-44de-baf2-40053489db97":{"id":"64aaf440-de40-4239-8095-95fab4c23e84","displayName":"SharePoint","iconUri":"https://connectoricons-prod.azureedge.net/releases/v1.0.1546/1.0.1546.2667/sharepointonline/icon.png","dataSources":["KasikeUsers"],"dependencies":[],"dependents":[],"parameterHints":{},"parameterHintsV2":{},"isOnPremiseConnection":false,"bypassConsent":false,"dataSets":{"https://sishpabusiness.sharepoint.com/sites/TheKasikeBrandBahamas":{"dataSources":{"KasikeUsers":{"tableName":"d3d20345-9bf0-410f-98b4-45d51e0360be"}}}},"apiTier":"Standard","isCustomApiConnection":false,"actions":["providers/PowerPlatform.Governance/Operations/Read","providers/PowerPlatform.Governance/Operations/Write"]},"ce965682-4fdf-4471-8ce3-d865e1720686":{"id":"64aaf440-de40-4239-8095-95fab4c23e84","displayName":"SharePoint","iconUri":"https://connectoricons-prod.azureedge.net/releases/v1.0.1546/1.0.1546.2667/sharepointonline/icon.png","dataSources":["Holidays_1"],"dependencies":[],"dependents":[],"parameterHints":{},"parameterHintsV2":{},"isOnPremiseConnection":false,"bypassConsent":false,"dataSets":{"https://sishpabusiness.sharepoint.com/sites/TheKasikeBrandBahamas":{"dataSources":{"Holidays_1":{"tableName":"228810c3-07fc-4998-b7e6-fded7fb9b116"}}}},"apiTier":"Standard","isCustomApiConnection":false,"actions":["providers/PowerPlatform.Governance/Operations/Read","providers/PowerPlatform.Governance/Operations/Write"]}},"databaseReferences":{},"almMode":"Environment","performanceOptimizationEnabled":true,"canConsumeAppPass":true,"executionRestrictions":{"isTeamsOnly":false,"dataLossPreventionEvaluationResult":{"status":"Compliant","lastEvaluationDate":"2022-01-12T15:42:38.7735571Z","violations":[],"violationsByPolicy":[],"violationErrorMessage":"The app uses the following connectors: ."}}},"appType":"ClassicCanvasApp","appComponents":[]}}